USE [DBGerenciadorProvas]
GO
SET IDENTITY_INSERT [dbo].[TBDisciplina] ON 

INSERT [dbo].[TBDisciplina] ([Id], [Nome]) VALUES (1, N'Ciências')
INSERT [dbo].[TBDisciplina] ([Id], [Nome]) VALUES (3, N'Português')
INSERT [dbo].[TBDisciplina] ([Id], [Nome]) VALUES (4, N'Matemética')
SET IDENTITY_INSERT [dbo].[TBDisciplina] OFF
SET IDENTITY_INSERT [dbo].[TBSerie] ON 

INSERT [dbo].[TBSerie] ([Id], [Grau]) VALUES (1, 3)
INSERT [dbo].[TBSerie] ([Id], [Grau]) VALUES (2, 5)
INSERT [dbo].[TBSerie] ([Id], [Grau]) VALUES (3, 1)
SET IDENTITY_INSERT [dbo].[TBSerie] OFF
SET IDENTITY_INSERT [dbo].[TBMateria] ON 

INSERT [dbo].[TBMateria] ([Id], [Nome], [IdSerie], [IdDisciplina]) VALUES (1, N'Corpo Humano', 2, 1)
INSERT [dbo].[TBMateria] ([Id], [Nome], [IdSerie], [IdDisciplina]) VALUES (3, N'Operações: Soma', 3, 4)
SET IDENTITY_INSERT [dbo].[TBMateria] OFF
SET IDENTITY_INSERT [dbo].[TBQuestao] ON 

INSERT [dbo].[TBQuestao] ([Id], [Enunciado], [Bimestre], [IdMateria]) VALUES (10, N'1+1:', N'4º Bimestre', 3)
INSERT [dbo].[TBQuestao] ([Id], [Enunciado], [Bimestre], [IdMateria]) VALUES (11, N'2+2:', N'4º Bimestre', 3)
INSERT [dbo].[TBQuestao] ([Id], [Enunciado], [Bimestre], [IdMateria]) VALUES (1002, N'1+1=', N'1º Bimestre', 3)
INSERT [dbo].[TBQuestao] ([Id], [Enunciado], [Bimestre], [IdMateria]) VALUES (1003, N'2+2=', N'1º Bimestre', 3)
INSERT [dbo].[TBQuestao] ([Id], [Enunciado], [Bimestre], [IdMateria]) VALUES (1004, N'3+3=', N'1º Bimestre', 3)
INSERT [dbo].[TBQuestao] ([Id], [Enunciado], [Bimestre], [IdMateria]) VALUES (1005, N'4+4=', N'1º Bimestre', 3)
INSERT [dbo].[TBQuestao] ([Id], [Enunciado], [Bimestre], [IdMateria]) VALUES (1006, N'5+5=', N'1º Bimestre', 3)
INSERT [dbo].[TBQuestao] ([Id], [Enunciado], [Bimestre], [IdMateria]) VALUES (1007, N'6+6=', N'1º Bimestre', 3)
INSERT [dbo].[TBQuestao] ([Id], [Enunciado], [Bimestre], [IdMateria]) VALUES (1008, N'7+7=', N'1º Bimestre', 3)
INSERT [dbo].[TBQuestao] ([Id], [Enunciado], [Bimestre], [IdMateria]) VALUES (1009, N'8+8=', N'1º Bimestre', 3)
INSERT [dbo].[TBQuestao] ([Id], [Enunciado], [Bimestre], [IdMateria]) VALUES (1010, N'9+9=', N'1º Bimestre', 3)
INSERT [dbo].[TBQuestao] ([Id], [Enunciado], [Bimestre], [IdMateria]) VALUES (1011, N'10+10=', N'1º Bimestre', 3)
INSERT [dbo].[TBQuestao] ([Id], [Enunciado], [Bimestre], [IdMateria]) VALUES (1012, N'1+2=', N'1º Bimestre', 3)
INSERT [dbo].[TBQuestao] ([Id], [Enunciado], [Bimestre], [IdMateria]) VALUES (1013, N'1+3=', N'1º Bimestre', 3)
INSERT [dbo].[TBQuestao] ([Id], [Enunciado], [Bimestre], [IdMateria]) VALUES (1014, N'1+5=', N'1º Bimestre', 3)
INSERT [dbo].[TBQuestao] ([Id], [Enunciado], [Bimestre], [IdMateria]) VALUES (1015, N'1+7=', N'1º Bimestre', 3)
INSERT [dbo].[TBQuestao] ([Id], [Enunciado], [Bimestre], [IdMateria]) VALUES (1016, N'1+8=', N'1º Bimestre', 3)
INSERT [dbo].[TBQuestao] ([Id], [Enunciado], [Bimestre], [IdMateria]) VALUES (1017, N'1+9=', N'1º Bimestre', 3)
INSERT [dbo].[TBQuestao] ([Id], [Enunciado], [Bimestre], [IdMateria]) VALUES (1018, N'2+0=', N'1º Bimestre', 3)
INSERT [dbo].[TBQuestao] ([Id], [Enunciado], [Bimestre], [IdMateria]) VALUES (1019, N'2+1=', N'1º Bimestre', 3)
INSERT [dbo].[TBQuestao] ([Id], [Enunciado], [Bimestre], [IdMateria]) VALUES (1020, N'2+3=', N'1º Bimestre', 3)
INSERT [dbo].[TBQuestao] ([Id], [Enunciado], [Bimestre], [IdMateria]) VALUES (1021, N'2+4=', N'1º Bimestre', 3)
INSERT [dbo].[TBQuestao] ([Id], [Enunciado], [Bimestre], [IdMateria]) VALUES (1022, N'2+5=', N'1º Bimestre', 3)
INSERT [dbo].[TBQuestao] ([Id], [Enunciado], [Bimestre], [IdMateria]) VALUES (1023, N'2+6=', N'1º Bimestre', 3)
INSERT [dbo].[TBQuestao] ([Id], [Enunciado], [Bimestre], [IdMateria]) VALUES (1024, N'2+7=', N'1º Bimestre', 3)
INSERT [dbo].[TBQuestao] ([Id], [Enunciado], [Bimestre], [IdMateria]) VALUES (1025, N'2+8=', N'1º Bimestre', 3)
INSERT [dbo].[TBQuestao] ([Id], [Enunciado], [Bimestre], [IdMateria]) VALUES (1026, N'2+9=', N'1º Bimestre', 3)
INSERT [dbo].[TBQuestao] ([Id], [Enunciado], [Bimestre], [IdMateria]) VALUES (1027, N'3+0=', N'1º Bimestre', 3)
INSERT [dbo].[TBQuestao] ([Id], [Enunciado], [Bimestre], [IdMateria]) VALUES (1028, N'3+1=', N'1º Bimestre', 3)
INSERT [dbo].[TBQuestao] ([Id], [Enunciado], [Bimestre], [IdMateria]) VALUES (1029, N'3+2=', N'1º Bimestre', 3)
SET IDENTITY_INSERT [dbo].[TBQuestao] OFF
SET IDENTITY_INSERT [dbo].[TBTeste] ON 

INSERT [dbo].[TBTeste] ([Id], [Titulo], [NumeroQuestoes], [DataGeracao], [IdMateria]) VALUES (1, N'qweqweqwe', 2, CAST(N'2018-04-04' AS Date), 3)
INSERT [dbo].[TBTeste] ([Id], [Titulo], [NumeroQuestoes], [DataGeracao], [IdMateria]) VALUES (2, N'asdfghjklç', 2, CAST(N'2018-04-04' AS Date), 3)
INSERT [dbo].[TBTeste] ([Id], [Titulo], [NumeroQuestoes], [DataGeracao], [IdMateria]) VALUES (1002, N'Matematica', 30, CAST(N'2018-04-05' AS Date), 3)
SET IDENTITY_INSERT [dbo].[TBTeste] OFF
SET IDENTITY_INSERT [dbo].[TBQuestaoTeste] ON 

INSERT [dbo].[TBQuestaoTeste] ([Id], [IdTeste], [IdQuestao]) VALUES (1, 1, 10)
INSERT [dbo].[TBQuestaoTeste] ([Id], [IdTeste], [IdQuestao]) VALUES (2, 1, 11)
INSERT [dbo].[TBQuestaoTeste] ([Id], [IdTeste], [IdQuestao]) VALUES (3, 2, 10)
INSERT [dbo].[TBQuestaoTeste] ([Id], [IdTeste], [IdQuestao]) VALUES (4, 2, 11)
INSERT [dbo].[TBQuestaoTeste] ([Id], [IdTeste], [IdQuestao]) VALUES (1002, 1002, 1013)
INSERT [dbo].[TBQuestaoTeste] ([Id], [IdTeste], [IdQuestao]) VALUES (1003, 1002, 1011)
INSERT [dbo].[TBQuestaoTeste] ([Id], [IdTeste], [IdQuestao]) VALUES (1004, 1002, 1010)
INSERT [dbo].[TBQuestaoTeste] ([Id], [IdTeste], [IdQuestao]) VALUES (1005, 1002, 1024)
INSERT [dbo].[TBQuestaoTeste] ([Id], [IdTeste], [IdQuestao]) VALUES (1006, 1002, 1018)
INSERT [dbo].[TBQuestaoTeste] ([Id], [IdTeste], [IdQuestao]) VALUES (1007, 1002, 1023)
INSERT [dbo].[TBQuestaoTeste] ([Id], [IdTeste], [IdQuestao]) VALUES (1008, 1002, 1008)
INSERT [dbo].[TBQuestaoTeste] ([Id], [IdTeste], [IdQuestao]) VALUES (1009, 1002, 1017)
INSERT [dbo].[TBQuestaoTeste] ([Id], [IdTeste], [IdQuestao]) VALUES (1010, 1002, 1015)
INSERT [dbo].[TBQuestaoTeste] ([Id], [IdTeste], [IdQuestao]) VALUES (1011, 1002, 1009)
INSERT [dbo].[TBQuestaoTeste] ([Id], [IdTeste], [IdQuestao]) VALUES (1012, 1002, 1022)
INSERT [dbo].[TBQuestaoTeste] ([Id], [IdTeste], [IdQuestao]) VALUES (1013, 1002, 1029)
INSERT [dbo].[TBQuestaoTeste] ([Id], [IdTeste], [IdQuestao]) VALUES (1014, 1002, 11)
INSERT [dbo].[TBQuestaoTeste] ([Id], [IdTeste], [IdQuestao]) VALUES (1015, 1002, 1016)
INSERT [dbo].[TBQuestaoTeste] ([Id], [IdTeste], [IdQuestao]) VALUES (1016, 1002, 1014)
INSERT [dbo].[TBQuestaoTeste] ([Id], [IdTeste], [IdQuestao]) VALUES (1017, 1002, 1027)
INSERT [dbo].[TBQuestaoTeste] ([Id], [IdTeste], [IdQuestao]) VALUES (1018, 1002, 1012)
INSERT [dbo].[TBQuestaoTeste] ([Id], [IdTeste], [IdQuestao]) VALUES (1019, 1002, 1020)
INSERT [dbo].[TBQuestaoTeste] ([Id], [IdTeste], [IdQuestao]) VALUES (1020, 1002, 1028)
INSERT [dbo].[TBQuestaoTeste] ([Id], [IdTeste], [IdQuestao]) VALUES (1021, 1002, 1021)
INSERT [dbo].[TBQuestaoTeste] ([Id], [IdTeste], [IdQuestao]) VALUES (1022, 1002, 1025)
INSERT [dbo].[TBQuestaoTeste] ([Id], [IdTeste], [IdQuestao]) VALUES (1023, 1002, 1026)
INSERT [dbo].[TBQuestaoTeste] ([Id], [IdTeste], [IdQuestao]) VALUES (1024, 1002, 1003)
INSERT [dbo].[TBQuestaoTeste] ([Id], [IdTeste], [IdQuestao]) VALUES (1025, 1002, 1004)
INSERT [dbo].[TBQuestaoTeste] ([Id], [IdTeste], [IdQuestao]) VALUES (1026, 1002, 1019)
INSERT [dbo].[TBQuestaoTeste] ([Id], [IdTeste], [IdQuestao]) VALUES (1027, 1002, 1007)
INSERT [dbo].[TBQuestaoTeste] ([Id], [IdTeste], [IdQuestao]) VALUES (1028, 1002, 1002)
INSERT [dbo].[TBQuestaoTeste] ([Id], [IdTeste], [IdQuestao]) VALUES (1029, 1002, 1006)
INSERT [dbo].[TBQuestaoTeste] ([Id], [IdTeste], [IdQuestao]) VALUES (1030, 1002, 1005)
INSERT [dbo].[TBQuestaoTeste] ([Id], [IdTeste], [IdQuestao]) VALUES (1031, 1002, 10)
SET IDENTITY_INSERT [dbo].[TBQuestaoTeste] OFF
SET IDENTITY_INSERT [dbo].[TBResposta] ON 

INSERT [dbo].[TBResposta] ([Id], [Descricao], [Certa], [Letra], [IdQuestao]) VALUES (31, N'1', 0, N'A', 10)
INSERT [dbo].[TBResposta] ([Id], [Descricao], [Certa], [Letra], [IdQuestao]) VALUES (32, N'2', 1, N'B', 10)
INSERT [dbo].[TBResposta] ([Id], [Descricao], [Certa], [Letra], [IdQuestao]) VALUES (33, N'3', 0, N'C', 10)
INSERT [dbo].[TBResposta] ([Id], [Descricao], [Certa], [Letra], [IdQuestao]) VALUES (34, N'1', 0, N'A', 11)
INSERT [dbo].[TBResposta] ([Id], [Descricao], [Certa], [Letra], [IdQuestao]) VALUES (35, N'2', 0, N'B', 11)
INSERT [dbo].[TBResposta] ([Id], [Descricao], [Certa], [Letra], [IdQuestao]) VALUES (36, N'3', 0, N'C', 11)
INSERT [dbo].[TBResposta] ([Id], [Descricao], [Certa], [Letra], [IdQuestao]) VALUES (37, N'4', 1, N'D', 11)
INSERT [dbo].[TBResposta] ([Id], [Descricao], [Certa], [Letra], [IdQuestao]) VALUES (1002, N'1', 0, N'A', 1002)
INSERT [dbo].[TBResposta] ([Id], [Descricao], [Certa], [Letra], [IdQuestao]) VALUES (1003, N'2', 1, N'B', 1002)
INSERT [dbo].[TBResposta] ([Id], [Descricao], [Certa], [Letra], [IdQuestao]) VALUES (1004, N'3', 0, N'C', 1002)
INSERT [dbo].[TBResposta] ([Id], [Descricao], [Certa], [Letra], [IdQuestao]) VALUES (1005, N'4', 0, N'D', 1002)
INSERT [dbo].[TBResposta] ([Id], [Descricao], [Certa], [Letra], [IdQuestao]) VALUES (1006, N'5', 0, N'E', 1002)
INSERT [dbo].[TBResposta] ([Id], [Descricao], [Certa], [Letra], [IdQuestao]) VALUES (1007, N'4', 1, N'A', 1003)
INSERT [dbo].[TBResposta] ([Id], [Descricao], [Certa], [Letra], [IdQuestao]) VALUES (1008, N'1', 0, N'B', 1003)
INSERT [dbo].[TBResposta] ([Id], [Descricao], [Certa], [Letra], [IdQuestao]) VALUES (1009, N'2', 0, N'C', 1003)
INSERT [dbo].[TBResposta] ([Id], [Descricao], [Certa], [Letra], [IdQuestao]) VALUES (1010, N'3', 0, N'D', 1003)
INSERT [dbo].[TBResposta] ([Id], [Descricao], [Certa], [Letra], [IdQuestao]) VALUES (1011, N'4', 0, N'E', 1003)
INSERT [dbo].[TBResposta] ([Id], [Descricao], [Certa], [Letra], [IdQuestao]) VALUES (1012, N'2', 0, N'A', 1004)
INSERT [dbo].[TBResposta] ([Id], [Descricao], [Certa], [Letra], [IdQuestao]) VALUES (1013, N'4', 0, N'B', 1004)
INSERT [dbo].[TBResposta] ([Id], [Descricao], [Certa], [Letra], [IdQuestao]) VALUES (1014, N'5', 0, N'C', 1004)
INSERT [dbo].[TBResposta] ([Id], [Descricao], [Certa], [Letra], [IdQuestao]) VALUES (1015, N'6', 1, N'D', 1004)
INSERT [dbo].[TBResposta] ([Id], [Descricao], [Certa], [Letra], [IdQuestao]) VALUES (1016, N'1', 0, N'E', 1004)
INSERT [dbo].[TBResposta] ([Id], [Descricao], [Certa], [Letra], [IdQuestao]) VALUES (1017, N'1', 0, N'A', 1005)
INSERT [dbo].[TBResposta] ([Id], [Descricao], [Certa], [Letra], [IdQuestao]) VALUES (1018, N'2', 0, N'B', 1005)
INSERT [dbo].[TBResposta] ([Id], [Descricao], [Certa], [Letra], [IdQuestao]) VALUES (1019, N'5', 0, N'C', 1005)
INSERT [dbo].[TBResposta] ([Id], [Descricao], [Certa], [Letra], [IdQuestao]) VALUES (1020, N'8', 1, N'D', 1005)
INSERT [dbo].[TBResposta] ([Id], [Descricao], [Certa], [Letra], [IdQuestao]) VALUES (1021, N'10', 1, N'A', 1006)
INSERT [dbo].[TBResposta] ([Id], [Descricao], [Certa], [Letra], [IdQuestao]) VALUES (1022, N'8', 0, N'B', 1006)
INSERT [dbo].[TBResposta] ([Id], [Descricao], [Certa], [Letra], [IdQuestao]) VALUES (1023, N'10', 0, N'A', 1007)
INSERT [dbo].[TBResposta] ([Id], [Descricao], [Certa], [Letra], [IdQuestao]) VALUES (1024, N'11', 0, N'B', 1007)
INSERT [dbo].[TBResposta] ([Id], [Descricao], [Certa], [Letra], [IdQuestao]) VALUES (1025, N'12', 1, N'C', 1007)
INSERT [dbo].[TBResposta] ([Id], [Descricao], [Certa], [Letra], [IdQuestao]) VALUES (1026, N'14', 1, N'A', 1008)
INSERT [dbo].[TBResposta] ([Id], [Descricao], [Certa], [Letra], [IdQuestao]) VALUES (1027, N'12', 0, N'B', 1008)
INSERT [dbo].[TBResposta] ([Id], [Descricao], [Certa], [Letra], [IdQuestao]) VALUES (1028, N'11', 0, N'C', 1008)
INSERT [dbo].[TBResposta] ([Id], [Descricao], [Certa], [Letra], [IdQuestao]) VALUES (1029, N'15', 0, N'D', 1008)
INSERT [dbo].[TBResposta] ([Id], [Descricao], [Certa], [Letra], [IdQuestao]) VALUES (1030, N'16', 1, N'A', 1009)
INSERT [dbo].[TBResposta] ([Id], [Descricao], [Certa], [Letra], [IdQuestao]) VALUES (1031, N'12', 0, N'B', 1009)
INSERT [dbo].[TBResposta] ([Id], [Descricao], [Certa], [Letra], [IdQuestao]) VALUES (1032, N'13', 0, N'C', 1009)
INSERT [dbo].[TBResposta] ([Id], [Descricao], [Certa], [Letra], [IdQuestao]) VALUES (1033, N'18', 1, N'A', 1010)
INSERT [dbo].[TBResposta] ([Id], [Descricao], [Certa], [Letra], [IdQuestao]) VALUES (1034, N'12', 0, N'B', 1010)
INSERT [dbo].[TBResposta] ([Id], [Descricao], [Certa], [Letra], [IdQuestao]) VALUES (1035, N'13', 0, N'C', 1010)
INSERT [dbo].[TBResposta] ([Id], [Descricao], [Certa], [Letra], [IdQuestao]) VALUES (1036, N'21', 0, N'D', 1010)
INSERT [dbo].[TBResposta] ([Id], [Descricao], [Certa], [Letra], [IdQuestao]) VALUES (1037, N'19', 0, N'A', 1011)
INSERT [dbo].[TBResposta] ([Id], [Descricao], [Certa], [Letra], [IdQuestao]) VALUES (1038, N'12', 0, N'B', 1011)
INSERT [dbo].[TBResposta] ([Id], [Descricao], [Certa], [Letra], [IdQuestao]) VALUES (1039, N'20', 1, N'C', 1011)
INSERT [dbo].[TBResposta] ([Id], [Descricao], [Certa], [Letra], [IdQuestao]) VALUES (1040, N'3', 1, N'A', 1012)
INSERT [dbo].[TBResposta] ([Id], [Descricao], [Certa], [Letra], [IdQuestao]) VALUES (1041, N'1', 0, N'B', 1012)
INSERT [dbo].[TBResposta] ([Id], [Descricao], [Certa], [Letra], [IdQuestao]) VALUES (1042, N'4', 0, N'C', 1012)
INSERT [dbo].[TBResposta] ([Id], [Descricao], [Certa], [Letra], [IdQuestao]) VALUES (1043, N'1', 0, N'A', 1013)
INSERT [dbo].[TBResposta] ([Id], [Descricao], [Certa], [Letra], [IdQuestao]) VALUES (1044, N'2', 0, N'B', 1013)
INSERT [dbo].[TBResposta] ([Id], [Descricao], [Certa], [Letra], [IdQuestao]) VALUES (1045, N'3', 0, N'C', 1013)
INSERT [dbo].[TBResposta] ([Id], [Descricao], [Certa], [Letra], [IdQuestao]) VALUES (1046, N'4', 1, N'D', 1013)
INSERT [dbo].[TBResposta] ([Id], [Descricao], [Certa], [Letra], [IdQuestao]) VALUES (1047, N'3', 0, N'A', 1014)
INSERT [dbo].[TBResposta] ([Id], [Descricao], [Certa], [Letra], [IdQuestao]) VALUES (1048, N'4', 0, N'B', 1014)
INSERT [dbo].[TBResposta] ([Id], [Descricao], [Certa], [Letra], [IdQuestao]) VALUES (1049, N'6', 1, N'C', 1014)
INSERT [dbo].[TBResposta] ([Id], [Descricao], [Certa], [Letra], [IdQuestao]) VALUES (1050, N'6', 0, N'A', 1015)
INSERT [dbo].[TBResposta] ([Id], [Descricao], [Certa], [Letra], [IdQuestao]) VALUES (1051, N'7', 0, N'B', 1015)
INSERT [dbo].[TBResposta] ([Id], [Descricao], [Certa], [Letra], [IdQuestao]) VALUES (1052, N'8', 1, N'C', 1015)
INSERT [dbo].[TBResposta] ([Id], [Descricao], [Certa], [Letra], [IdQuestao]) VALUES (1053, N'9', 0, N'D', 1015)
INSERT [dbo].[TBResposta] ([Id], [Descricao], [Certa], [Letra], [IdQuestao]) VALUES (1054, N'7', 0, N'A', 1016)
INSERT [dbo].[TBResposta] ([Id], [Descricao], [Certa], [Letra], [IdQuestao]) VALUES (1055, N'8', 0, N'B', 1016)
INSERT [dbo].[TBResposta] ([Id], [Descricao], [Certa], [Letra], [IdQuestao]) VALUES (1056, N'9', 1, N'C', 1016)
INSERT [dbo].[TBResposta] ([Id], [Descricao], [Certa], [Letra], [IdQuestao]) VALUES (1057, N'8', 0, N'A', 1017)
INSERT [dbo].[TBResposta] ([Id], [Descricao], [Certa], [Letra], [IdQuestao]) VALUES (1058, N'9', 0, N'B', 1017)
INSERT [dbo].[TBResposta] ([Id], [Descricao], [Certa], [Letra], [IdQuestao]) VALUES (1059, N'11', 0, N'C', 1017)
INSERT [dbo].[TBResposta] ([Id], [Descricao], [Certa], [Letra], [IdQuestao]) VALUES (1060, N'10', 1, N'D', 1017)
INSERT [dbo].[TBResposta] ([Id], [Descricao], [Certa], [Letra], [IdQuestao]) VALUES (1061, N'1', 0, N'A', 1018)
INSERT [dbo].[TBResposta] ([Id], [Descricao], [Certa], [Letra], [IdQuestao]) VALUES (1062, N'2', 1, N'B', 1018)
INSERT [dbo].[TBResposta] ([Id], [Descricao], [Certa], [Letra], [IdQuestao]) VALUES (1063, N'3', 0, N'C', 1018)
INSERT [dbo].[TBResposta] ([Id], [Descricao], [Certa], [Letra], [IdQuestao]) VALUES (1064, N'4', 0, N'D', 1018)
INSERT [dbo].[TBResposta] ([Id], [Descricao], [Certa], [Letra], [IdQuestao]) VALUES (1065, N'2', 0, N'A', 1019)
INSERT [dbo].[TBResposta] ([Id], [Descricao], [Certa], [Letra], [IdQuestao]) VALUES (1066, N'3', 1, N'B', 1019)
INSERT [dbo].[TBResposta] ([Id], [Descricao], [Certa], [Letra], [IdQuestao]) VALUES (1067, N'4', 0, N'C', 1019)
INSERT [dbo].[TBResposta] ([Id], [Descricao], [Certa], [Letra], [IdQuestao]) VALUES (1068, N'5', 0, N'D', 1019)
INSERT [dbo].[TBResposta] ([Id], [Descricao], [Certa], [Letra], [IdQuestao]) VALUES (1069, N'5', 1, N'A', 1020)
INSERT [dbo].[TBResposta] ([Id], [Descricao], [Certa], [Letra], [IdQuestao]) VALUES (1070, N'2', 0, N'B', 1020)
INSERT [dbo].[TBResposta] ([Id], [Descricao], [Certa], [Letra], [IdQuestao]) VALUES (1071, N'3', 0, N'C', 1020)
INSERT [dbo].[TBResposta] ([Id], [Descricao], [Certa], [Letra], [IdQuestao]) VALUES (1072, N'6', 0, N'D', 1020)
INSERT [dbo].[TBResposta] ([Id], [Descricao], [Certa], [Letra], [IdQuestao]) VALUES (1073, N'4', 0, N'A', 1021)
INSERT [dbo].[TBResposta] ([Id], [Descricao], [Certa], [Letra], [IdQuestao]) VALUES (1074, N'5', 0, N'B', 1021)
INSERT [dbo].[TBResposta] ([Id], [Descricao], [Certa], [Letra], [IdQuestao]) VALUES (1075, N'6', 1, N'C', 1021)
INSERT [dbo].[TBResposta] ([Id], [Descricao], [Certa], [Letra], [IdQuestao]) VALUES (1076, N'7', 1, N'A', 1022)
INSERT [dbo].[TBResposta] ([Id], [Descricao], [Certa], [Letra], [IdQuestao]) VALUES (1077, N'5', 0, N'B', 1022)
INSERT [dbo].[TBResposta] ([Id], [Descricao], [Certa], [Letra], [IdQuestao]) VALUES (1078, N'8', 0, N'C', 1022)
INSERT [dbo].[TBResposta] ([Id], [Descricao], [Certa], [Letra], [IdQuestao]) VALUES (1079, N'8', 1, N'A', 1023)
INSERT [dbo].[TBResposta] ([Id], [Descricao], [Certa], [Letra], [IdQuestao]) VALUES (1080, N'6', 0, N'B', 1023)
INSERT [dbo].[TBResposta] ([Id], [Descricao], [Certa], [Letra], [IdQuestao]) VALUES (1081, N'9', 0, N'C', 1023)
INSERT [dbo].[TBResposta] ([Id], [Descricao], [Certa], [Letra], [IdQuestao]) VALUES (1082, N'5', 0, N'D', 1023)
INSERT [dbo].[TBResposta] ([Id], [Descricao], [Certa], [Letra], [IdQuestao]) VALUES (1083, N'9', 1, N'A', 1024)
INSERT [dbo].[TBResposta] ([Id], [Descricao], [Certa], [Letra], [IdQuestao]) VALUES (1084, N'2', 0, N'B', 1024)
INSERT [dbo].[TBResposta] ([Id], [Descricao], [Certa], [Letra], [IdQuestao]) VALUES (1085, N'3', 0, N'C', 1024)
INSERT [dbo].[TBResposta] ([Id], [Descricao], [Certa], [Letra], [IdQuestao]) VALUES (1086, N'4', 0, N'D', 1024)
INSERT [dbo].[TBResposta] ([Id], [Descricao], [Certa], [Letra], [IdQuestao]) VALUES (1087, N'10', 1, N'A', 1025)
INSERT [dbo].[TBResposta] ([Id], [Descricao], [Certa], [Letra], [IdQuestao]) VALUES (1088, N'12', 0, N'B', 1025)
INSERT [dbo].[TBResposta] ([Id], [Descricao], [Certa], [Letra], [IdQuestao]) VALUES (1089, N'9', 0, N'C', 1025)
INSERT [dbo].[TBResposta] ([Id], [Descricao], [Certa], [Letra], [IdQuestao]) VALUES (1090, N'9', 0, N'A', 1026)
INSERT [dbo].[TBResposta] ([Id], [Descricao], [Certa], [Letra], [IdQuestao]) VALUES (1091, N'10', 0, N'B', 1026)
INSERT [dbo].[TBResposta] ([Id], [Descricao], [Certa], [Letra], [IdQuestao]) VALUES (1092, N'11', 1, N'C', 1026)
INSERT [dbo].[TBResposta] ([Id], [Descricao], [Certa], [Letra], [IdQuestao]) VALUES (1093, N'3', 1, N'A', 1027)
GO
INSERT [dbo].[TBResposta] ([Id], [Descricao], [Certa], [Letra], [IdQuestao]) VALUES (1094, N'4', 0, N'B', 1027)
INSERT [dbo].[TBResposta] ([Id], [Descricao], [Certa], [Letra], [IdQuestao]) VALUES (1095, N'2', 0, N'C', 1027)
INSERT [dbo].[TBResposta] ([Id], [Descricao], [Certa], [Letra], [IdQuestao]) VALUES (1096, N'4', 1, N'A', 1028)
INSERT [dbo].[TBResposta] ([Id], [Descricao], [Certa], [Letra], [IdQuestao]) VALUES (1097, N'12', 0, N'B', 1028)
INSERT [dbo].[TBResposta] ([Id], [Descricao], [Certa], [Letra], [IdQuestao]) VALUES (1098, N'6', 0, N'C', 1028)
INSERT [dbo].[TBResposta] ([Id], [Descricao], [Certa], [Letra], [IdQuestao]) VALUES (1099, N'5', 1, N'A', 1029)
INSERT [dbo].[TBResposta] ([Id], [Descricao], [Certa], [Letra], [IdQuestao]) VALUES (1100, N'4', 0, N'B', 1029)
INSERT [dbo].[TBResposta] ([Id], [Descricao], [Certa], [Letra], [IdQuestao]) VALUES (1101, N'3', 0, N'C', 1029)
SET IDENTITY_INSERT [dbo].[TBResposta] OFF
